"Section","Url","ArticleCount","Articles","Titles"
"????","https://www.xxla.net/tycc/","9","https://www.xxla.net/tycc/2022-01-23/2880.html
https://www.xxla.net/tycc/2022-01-23/2881.html
https://www.xxla.net/tycc/2022-01-23/2882.html
https://www.xxla.net/tycc/2022-01-23/2883.html
https://www.xxla.net/tycc/2022-01-23/2884.html
https://www.xxla.net/tycc/2022-01-23/2885.html
https://www.xxla.net/tycc/2022-01-23/2886.html
https://www.xxla.net/tycc/2022-01-23/2887.html
https://www.xxla.net/tycc/2022-01-25/2939.html","???????????5 | ???????????????????? | ????????????????????><img src= | ????????????????????>????????????????????/a></h4>                              <p class= | ????????????????????><span class= | ???????????????????? | ???????????????????? | ???????????????????? | ???????????????????? | ???????????????????? | ??????????????)?????? | ????????????????????>                      <p>????????????????????/p>                      <a href="
"????","https://www.xxla.net/sqcc/","9","https://www.xxla.net/sqcc/2022-01-23/2895.html
https://www.xxla.net/sqcc/2022-01-23/2896.html
https://www.xxla.net/sqcc/2022-01-23/2897.html
https://www.xxla.net/sqcc/2022-01-23/2898.html
https://www.xxla.net/sqcc/2022-01-23/2899.html
https://www.xxla.net/sqcc/2022-01-23/2900.html
https://www.xxla.net/sqcc/2022-01-23/2901.html
https://www.xxla.net/sqcc/2022-01-23/2934.html
https://www.xxla.net/sqcc/2022-01-25/2941.html","???????????5 | ???????????????????? | ????????????-???????????? | ???????????????????? | ???????????????????? | ???????????????????? | ???????????????????? | ???????????????????? | ???????????><img src= | ???????????>???????????/a></h4>                              <p class= | ???????????><span class= | ???????????>                      <p>???????????/p>                      <a href="
"????","https://www.xxla.net/yncc/","9","https://www.xxla.net/yncc/2022-01-23/2888.html
https://www.xxla.net/yncc/2022-01-23/2889.html
https://www.xxla.net/yncc/2022-01-23/2890.html
https://www.xxla.net/yncc/2022-01-23/2891.html
https://www.xxla.net/yncc/2022-01-23/2892.html
https://www.xxla.net/yncc/2022-01-23/2893.html
https://www.xxla.net/yncc/2022-01-23/2932.html
https://www.xxla.net/yncc/2022-01-23/2933.html
https://www.xxla.net/yncc/2022-01-25/2940.html","???????????? | ???????????????????? | ???????????><img src= | ???????????>???????????/a></h4>                              <p class= | ???????????><span class= | ???????????????????? | ???????????????????? | ???????????????????? | ???????????????????? | ???????????????????? | ???????????????????? | ???????????>                      <p>???????????/p>                      <a href="
"????","https://www.xxla.net/fwcc/","2","https://www.xxla.net/fwcc/2022-01-23/2894.html
https://www.xxla.net/fwcc/2022-01-25/2942.html","???????????5 | ??????????????><img src= | ??????????????>??????????????/a></h4>                              <p class= | ??????????????><span class= | ??????????????>                      <p>??????????????/p>                      <a href="
"????","https://www.xxla.net/wgcc/","9","https://www.xxla.net/wgcc/2022-01-23/2902.html
https://www.xxla.net/wgcc/2022-01-23/2903.html
https://www.xxla.net/wgcc/2022-01-23/2904.html
https://www.xxla.net/wgcc/2022-01-23/2905.html
https://www.xxla.net/wgcc/2022-01-23/2906.html
https://www.xxla.net/wgcc/2022-01-23/2907.html
https://www.xxla.net/wgcc/2022-01-23/2935.html
https://www.xxla.net/wgcc/2022-01-23/2936.html
https://www.xxla.net/wgcc/2022-01-25/2943.html","?????????? | ???????????????????? | ???????????????????? | ???????????????????? | ???????????????????? | ???????????????????? | ???????????????????? | ???????????????????? | ??????????????><img src= | ??????????????>??????????????/a></h4>                              <p class= | ??????????????><span class= | ??????????????>                      <p>??????????????/p>                      <a href="
"????","https://www.xxla.net/lscc/","9","https://www.xxla.net/lscc/2022-01-23/2908.html
https://www.xxla.net/lscc/2022-01-23/2909.html
https://www.xxla.net/lscc/2022-01-23/2910.html
https://www.xxla.net/lscc/2022-01-23/2911.html
https://www.xxla.net/lscc/2022-01-23/2912.html
https://www.xxla.net/lscc/2022-01-23/2913.html
https://www.xxla.net/lscc/2022-01-23/2914.html
https://www.xxla.net/lscc/2022-01-23/2915.html
https://www.xxla.net/lscc/2022-01-25/2944.html","???????????5 | ???????????????????? | ???????????????????? | ???????????????????? | ???????????????????? | ???????????????????? | ???????????????????? | ???????????????????? | ??????????????><img src= | ??????????????>??????????????/a></h4>                              <p class= | ??????????????><span class= | ??????????????>                      <p>??????????????/p>                      <a href="
"????","https://www.xxla.net/jmcc/","10","https://www.xxla.net/jmcc/2019-09-14/1021.html
https://www.xxla.net/jmcc/2022-01-23/2916.html
https://www.xxla.net/jmcc/2022-01-23/2917.html
https://www.xxla.net/jmcc/2022-01-23/2918.html
https://www.xxla.net/jmcc/2022-01-23/2919.html
https://www.xxla.net/jmcc/2022-01-23/2920.html
https://www.xxla.net/jmcc/2022-01-23/2921.html
https://www.xxla.net/jmcc/2022-01-23/2922.html
https://www.xxla.net/jmcc/2022-01-23/2937.html
https://www.xxla.net/jmcc/2022-01-25/2946.html","???????????? | ???????????????????? | ???????????????????? | ???????????????????? | ???????????????????? | ???????????????????? | ???????????????????? | ???????????????????? | ??????????????><img src= | ??????????????>??????????????/a></h4>                              <p class= | ??????????????><span class= | ?????????????????????????????????????????><img src= | ?????????????????????????????????????????><span class= | ??????????????>                      <p>??????????????/p>                      <a href="
"????","https://www.xxla.net/hhcc/","9","https://www.xxla.net/hhcc/2022-01-23/2923.html
https://www.xxla.net/hhcc/2022-01-23/2924.html
https://www.xxla.net/hhcc/2022-01-23/2925.html
https://www.xxla.net/hhcc/2022-01-23/2926.html
https://www.xxla.net/hhcc/2022-01-23/2927.html
https://www.xxla.net/hhcc/2022-01-23/2928.html
https://www.xxla.net/hhcc/2022-01-23/2929.html
https://www.xxla.net/hhcc/2022-01-23/2930.html
https://www.xxla.net/hhcc/2022-01-25/2945.html","???????????? | ???????????????????? | ???????????????????? | ???????????????????? | ???????????????????? | ???????????????????? | ???????????????????? | ???????????????????? | ??????????????><img src= | ??????????????>??????????????/a></h4>                              <p class= | ??????????????><span class= | ??????????????>                      <p>??????????????/p>                      <a href="
"???????","https://www.xxla.net/cyzx/","25","https://www.xxla.net/cyzx/2019-08-17/567.html
https://www.xxla.net/cyzx/2019-08-21/587.html
https://www.xxla.net/cyzx/2019-09-03/1004.html
https://www.xxla.net/cyzx/2019-09-03/1005.html
https://www.xxla.net/cyzx/2019-09-08/1006.html
https://www.xxla.net/cyzx/2019-09-08/1007.html
https://www.xxla.net/cyzx/2019-09-08/1008.html
https://www.xxla.net/cyzx/2019-09-08/1009.html
https://www.xxla.net/cyzx/2019-09-08/1010.html
https://www.xxla.net/cyzx/2019-09-08/1011.html
https://www.xxla.net/cyzx/2019-09-16/1050.html
https://www.xxla.net/cyzx/2019-09-16/1051.html
https://www.xxla.net/cyzx/2019-09-16/1052.html
https://www.xxla.net/cyzx/2019-09-16/1053.html
https://www.xxla.net/cyzx/2019-10-03/1054.html
https://www.xxla.net/cyzx/2019-10-03/1055.html
https://www.xxla.net/cyzx/2019-10-14/1056.html
https://www.xxla.net/cyzx/2019-10-14/1057.html
https://www.xxla.net/cyzx/2019-10-31/1058.html
https://www.xxla.net/cyzx/2019-11-25/1062.html
https://www.xxla.net/cyzx/2019-12-23/1065.html
https://www.xxla.net/cyzx/2020-04-14/1066.html
https://www.xxla.net/cyzx/2020-11-14/1067.html
https://www.xxla.net/cyzx/2020-11-14/1070.html
https://www.xxla.net/cyzx/2020-11-14/1071.html","?????????????????? | ???????????????????????????????><img src= | ???????????????????????????????><span class= | ??????????????????????????????????><img src= | ??????????????????????????????????><span class= | ****5769431??????????????><img src= | ****5769431??????????????>****5769431??????????????/a></h4>                              <p class= | ****5769431??????????????><span class= | ????????????????????????????? | ?????????????????????????><img src= | ?????????????????????????>?????????????????????????/a></h4>                              <p class= | ?????????????????????????><span class= | ??????????????????????????? | ???????????????????????><img src= | ???????????????????????>???????????????????????/a></h4>                              <p class= | ???????????????????????><span class= | ????????????????????????????????????? | ?????????????????1?????? | ??????????????????????????><img src= | ??????????????????????????><span class= | ?????????????????????????????? | ??????????????????????????><img src= | ??????????????????????????><span class= | ??????????????><img src= | ??????????????>??????????????/a></h4>                              <p class= | ??????????????><span class= | ???????????????????????? | ?????????141319????????????????????????????????><img src= | ??????????????????????????><img src= | ????????????????????????><img src= | ???????????????? | ??????????????>                      <p>??????????????/p>                      <a href= | ??????????????><img src= | ???+??????????????? | ???????????????????????????? | ?????????????????????????? | ????????????,???????????????"
"????","https://www.xxla.net/qzgl/","25","https://www.xxla.net/qzgl/2019-08-17/561.html
https://www.xxla.net/qzgl/2019-08-21/588.html
https://www.xxla.net/qzgl/2019-08-31/989.html
https://www.xxla.net/qzgl/2019-08-31/991.html
https://www.xxla.net/qzgl/2019-09-01/992.html
https://www.xxla.net/qzgl/2019-09-01/993.html
https://www.xxla.net/qzgl/2019-09-01/994.html
https://www.xxla.net/qzgl/2019-09-02/995.html
https://www.xxla.net/qzgl/2019-09-02/996.html
https://www.xxla.net/qzgl/2019-09-02/997.html
https://www.xxla.net/qzgl/2019-09-03/1000.html
https://www.xxla.net/qzgl/2019-09-03/1001.html
https://www.xxla.net/qzgl/2019-09-03/1002.html
https://www.xxla.net/qzgl/2019-09-03/1003.html
https://www.xxla.net/qzgl/2019-09-03/999.html
https://www.xxla.net/qzgl/2019-09-15/1036.html
https://www.xxla.net/qzgl/2019-09-15/1037.html
https://www.xxla.net/qzgl/2019-09-15/1041.html
https://www.xxla.net/qzgl/2019-09-15/1042.html
https://www.xxla.net/qzgl/2019-09-15/1043.html
https://www.xxla.net/qzgl/2019-09-15/1045.html
https://www.xxla.net/qzgl/2019-11-25/1063.html
https://www.xxla.net/qzgl/2020-11-14/1068.html
https://www.xxla.net/qzgl/2020-11-14/1069.html
https://www.xxla.net/qzgl/2020-11-14/1072.html","????????????????????? | ????????????????????? | ?????????????????????????????? | ????????????????????? | ????????????????????????????????? | ??????????????????????????? | ???????????????????????????????????? | ??????????????????????????????????? | ?????????????????????????????????????????????????><img src= | ?????????????????????????????????????????????????><span class= | ?????????????????????????????????????????????????><img src= | ?????????????????????????????????????????????????><span class= | ??????????????????????????><img src= | ??????????????????????????><span class= | ???????????????????? | ????????????????? | ??????????????><img src= | ??????????????>??????????????/a></h4>                              <p class= | ??????????????><span class= | ?????????????????????????????><img src= | ?????????????????????????????><span class= | ??????????????>                      <p>??????????????/p>                      <a href= | ??????????????><img src= | ??????????????,?????????????><img src= | ?????????????????????????????????????><img src= | ??????????????????????????????????><img src= | ??????????????????????????11?????? | ?????????4????????>                      <p>?????????4????????/p>                      <a href= | ?????????4????????><img src= | ??????????????????????????????????? | ???????????????????????????????><img src= | ????????????????????? | ??????0000?????????????????0?????><img src="
"????","https://www.xxla.net/zcjh/","25","https://www.xxla.net/zcjh/2019-08-18/568.html
https://www.xxla.net/zcjh/2019-08-23/596.html
https://www.xxla.net/zcjh/2019-08-23/597.html
https://www.xxla.net/zcjh/2019-08-23/598.html
https://www.xxla.net/zcjh/2019-08-23/599.html
https://www.xxla.net/zcjh/2019-08-23/600.html
https://www.xxla.net/zcjh/2019-08-23/601.html
https://www.xxla.net/zcjh/2019-08-23/602.html
https://www.xxla.net/zcjh/2019-08-23/603.html
https://www.xxla.net/zcjh/2019-08-23/604.html
https://www.xxla.net/zcjh/2019-08-24/955.html
https://www.xxla.net/zcjh/2019-08-24/956.html
https://www.xxla.net/zcjh/2019-08-24/957.html
https://www.xxla.net/zcjh/2019-08-24/958.html
https://www.xxla.net/zcjh/2019-08-24/959.html
https://www.xxla.net/zcjh/2019-08-24/960.html
https://www.xxla.net/zcjh/2019-08-24/961.html
https://www.xxla.net/zcjh/2019-08-24/962.html
https://www.xxla.net/zcjh/2019-08-24/963.html
https://www.xxla.net/zcjh/2019-08-24/964.html
https://www.xxla.net/zcjh/2019-08-24/965.html
https://www.xxla.net/zcjh/2019-08-24/967.html
https://www.xxla.net/zcjh/2019-08-24/968.html
https://www.xxla.net/zcjh/2019-08-24/971.html
https://www.xxla.net/zcjh/2019-08-24/972.html","????????????????????????????????????????????????????? | ??????????????????????????????><img src= | ??????????????????????????????><span class= | ????????????????????????????????????????><img src= | ????????????????????????????????????????><span class= | ????????????????????????????><img src= | ????????????????????????????><span class= | ???????????????????????????><img src= | ???????????????????????????><span class= | ???????????????????????????????????????????????????><img src= | ???????????????????????????????????????????????????><span class= | ?????????????????????????????????><img src= | ?????????????????????????????????><span class= | ?????????????????????????????????><img src= | ?????????????????????????????????><span class= | ???????????????????????????><img src= | ???????????????????????????><span class= | ????????????????????????????????????><img src= | ????????????????????????????????????><span class= | ???????????????????????????><img src= | ???????????????????????????><span class= | ???????????????????????????><img src= | ???????????????????????????><span class= | ????????????????????????????><img src= | ????????????????????????????><span class= | ?????????????????????????><img src= | ?????????????????????????>?????????????????????????/a></h4>                              <p class= | ?????????????????????????><span class= | ??????????????????????????????><img src= | ??????????????????????????????><span class= | ?????????:??????????????????????????????????????????????????????????????????????????? | ?????????????????>                      <p>?????????????????/p>                      <a href= | ?????????????????><img src= | ????????????????????????><img src= | ?????????????????????????????????????????????><img src= | ??????????????????????><img src= | ??????:??????????????><img src= | ??????:??????????????><img src= | ?????????????????????????><img src= | ?????????????????????????><img src= | ?????????????????????????><img src="
"????","https://www.xxla.net/gghz/","65","/fwcc/2022-01-23/2894.html
/fwcc/2022-01-25/2942.html
/hhcc/2022-01-23/2923.html
/hhcc/2022-01-23/2924.html
/hhcc/2022-01-23/2925.html
/hhcc/2022-01-23/2926.html
/hhcc/2022-01-23/2927.html
/hhcc/2022-01-23/2928.html
/hhcc/2022-01-23/2929.html
/hhcc/2022-01-23/2930.html
/hhcc/2022-01-25/2945.html
/jmcc/2022-01-23/2916.html
/jmcc/2022-01-23/2917.html
/jmcc/2022-01-23/2918.html
/jmcc/2022-01-23/2919.html
/jmcc/2022-01-23/2920.html
/jmcc/2022-01-23/2921.html
/jmcc/2022-01-23/2922.html
/jmcc/2022-01-23/2937.html
/jmcc/2022-01-25/2946.html
/lscc/2022-01-23/2908.html
/lscc/2022-01-23/2909.html
/lscc/2022-01-23/2910.html
/lscc/2022-01-23/2911.html
/lscc/2022-01-23/2912.html
/lscc/2022-01-23/2913.html
/lscc/2022-01-23/2914.html
/lscc/2022-01-23/2915.html
/lscc/2022-01-25/2944.html
/sqcc/2022-01-23/2895.html
/sqcc/2022-01-23/2896.html
/sqcc/2022-01-23/2897.html
/sqcc/2022-01-23/2898.html
/sqcc/2022-01-23/2899.html
/sqcc/2022-01-23/2900.html
/sqcc/2022-01-23/2901.html
/sqcc/2022-01-23/2934.html
/sqcc/2022-01-25/2941.html
/tycc/2022-01-23/2881.html
/tycc/2022-01-23/2882.html
/tycc/2022-01-23/2883.html
/tycc/2022-01-23/2884.html
/tycc/2022-01-23/2885.html
/tycc/2022-01-23/2886.html
/tycc/2022-01-23/2887.html
/tycc/2022-01-25/2939.html
/wgcc/2022-01-23/2902.html
/wgcc/2022-01-23/2903.html
/wgcc/2022-01-23/2904.html
/wgcc/2022-01-23/2905.html
/wgcc/2022-01-23/2906.html
/wgcc/2022-01-23/2907.html
/wgcc/2022-01-23/2935.html
/wgcc/2022-01-23/2936.html
/wgcc/2022-01-25/2943.html
/yncc/2022-01-23/2888.html
/yncc/2022-01-23/2889.html
/yncc/2022-01-23/2890.html
/yncc/2022-01-23/2891.html
/yncc/2022-01-23/2892.html
/yncc/2022-01-23/2893.html
/yncc/2022-01-23/2932.html
/yncc/2022-01-23/2933.html
/yncc/2022-01-25/2940.html
https://www.xxla.net//tycc/2022-01-23/2880.html",""
